image_path,predicted
f52f643d-9819-482b-b197-d015721e317c.jpg,1
b7c5737a-e9e6-4bc1-bf7f-6ea2a60b58c0.jpg,0
d9e9b613-0434-4788-b0c2-011c6096e172.jpg,0
87c27cf4-2b37-4a9f-aef7-e4c51216c0a8.jpg,0
f884f194-40ec-47a7-baa3-2b39faa27dcc.jpg,0
f432e782-3f00-4632-88f4-72e8693a256f.jpg,1
fa30edce-3287-4b1d-b274-d3cd2f37a981.jpg,0
c2a87336-a418-4f0d-82ad-9ebf87abba06.jpg,1
fd5c7da2-9386-4b57-b247-5763b930fb20.jpg,1
80f33f6a-74b8-4ecf-a0d7-9909ceafa8ec.jpg,0
926f977c-680e-4f36-8588-e0a7b7bb5971.jpg,0
98f81641-e8ce-4cea-a0ad-470aa14b5a1b.jpg,1
08978766-57db-4b95-aa58-58779657797e.jpg,1
a0d578f1-11a5-4837-baa6-9357870ae746.jpg,0
aa832661-923f-4029-8496-e5dad7c48164.jpg,1
96c21aa1-bb5d-45bb-b8a4-e86aceee73a2.jpg,0
63f34c3c-fa60-4c8a-9f0a-8530284bb883.jpg,0
e532bed2-d3c5-4dbd-9cc7-81a4efcc4a15.jpg,0
cfe941db-d7ac-4c15-9a65-8b41845bd069.jpg,0
c79e678a-56cd-439b-b072-0138fcb29c1d.jpg,0
bc8b8f1d-aa22-44fa-a2e2-ef1eda883145.jpg,1
ad7ef5f1-fc96-4960-a032-42fb3fecc604.jpg,1
d4d0975c-f839-4bd3-918c-179909e1a894.jpg,0
2e977b21-612d-437d-911b-513c02068840.jpg,1
f48229d2-de3f-4c8e-abaf-9ef2ac65bbed.jpg,1
4b45e08e-42b5-4158-84bb-4f918692f21c.jpg,0
626377bb-3b05-47e9-8520-6898a019f4f0.jpg,0
18ade586-c95d-407f-962c-f4b1c2f96a94.jpg,1
c458b386-76e6-4dd6-90c4-47f6ad672990.jpg,0
5cf43c92-45ce-421f-a7ac-4b348dd58c41.jpg,1
7f270a21-1249-46ee-b7ef-9063805e6f3d.jpg,1
a3317193-8c0c-4eaa-9092-d0f549b9fca6.jpg,0
4b4909bc-0735-4a37-9dca-1b1643615a98.jpg,0
8ea73005-5bc0-4ffd-aa27-b40b80ca1699.jpg,0
785ddf69-8047-4d5b-ab3f-dfb2f7f25d57.jpg,1
e402e94f-4c90-467e-b51e-6658dd7ca453.jpg,0
5c84653e-4ff9-49e6-a1b2-f9e76a2f1c40.jpg,1
c76162c3-791c-42b8-b44c-fe18243ca2b9.jpg,0
5c6f410b-cd3b-4625-8b69-99a1e72e2334.jpg,1
3216f8ae-b308-4c58-9501-d63a49f0af8e.jpg,0
038369e8-c33f-43b6-b71f-16a6fd75ec83.jpg,0
aa07cef2-f837-45b8-84b1-ea2375edd139.jpg,0
fa9e6b3c-68e9-4f33-b25e-017c44c3b432.jpg,1
2b69c8b5-b0da-4139-a7c8-30f1f601bebb.jpg,1
a6ed62a8-48b3-41ad-8820-c28c95276626.jpg,0
15672f45-be32-4c76-a267-7b8962d893d0.jpg,0
a8699642-d4cd-4b51-af08-f208601737ac.jpg,0
5ef6b44a-fdbf-4c2a-8b6e-f1e43769f3de.jpg,1
c96dbe51-c196-438c-a1af-aef74b086f27.jpg,0
4b02c3d5-4dac-4b30-a4f4-00ca0ffb35c5.jpg,0
8438cb1b-d923-4f92-ae88-c1bc36ee22ac.jpg,1
05e7ce02-6d33-4c8a-ac44-c74a565b0bf9.jpg,0
b2d3095d-d955-4c2b-b393-fd020d63743f.jpg,1
6b2da2b1-f8ba-45a5-90a7-4b5bd9c44808.jpg,0
8c2128f7-67fa-4e84-851f-a9bf0615edc6.jpg,0
ed82b1e1-0277-49c3-8d46-d5fb4d6e6ca6.jpg,1
cf9f924a-8c05-4c5f-847a-99f25de767ba.jpg,1
d6adf8bc-44e1-4232-a3bd-03559b26cf31.jpg,1
4c20779b-30d6-4fea-941a-2cfd61693213.jpg,0
348960b6-a183-4526-9d9c-03043c75810b.jpg,1
aef4309a-7e9d-4e31-8256-6a0c7deb809f.jpg,0
a46971c3-dee1-404e-9e17-3bad9eed8fca.jpg,1
9e67161a-3dff-4323-add9-e7099d49cceb.jpg,0
b9095511-02ef-46c3-85e8-138020d04468.jpg,0
539a639c-a28d-4704-9d8c-c7302ff5e7e6.jpg,0
bf9b05dc-0cea-4b76-a550-0b6fd6e9e9bf.jpg,0
42008b1e-587c-4d20-89ef-8e0922d5b7a5.jpg,0
f1aa1a19-a7cd-47ab-a9d1-4a13c19d91fa.jpg,0
283c0652-fe67-4b77-95a2-b2761eb6df28.jpg,1
9073a4bb-00e4-4c8c-93f6-d43126b12d64.jpg,1
29f52a07-cf9a-42ed-bf8a-443f926ceab9.jpg,1
18c0566d-58b1-4423-8b63-f2c85413e61d.jpg,1
312fdce4-d56e-4c9d-80c1-d9fcf02558d0.jpg,1
cbf1c0c5-6eef-4a58-860c-ba8560984808.jpg,1
2a00078c-6fc1-4a69-bf0b-dbe175804cca.jpg,1
df012e06-0062-452e-88be-b8636790b82c.jpg,0
dd5a08d0-cdff-4a17-8260-4bab65eb869e.jpg,1
7cf7c26e-f695-42ed-9417-990044a68118.jpg,0
fbb901f2-609c-4954-9436-0c530b6cd162.jpg,0
f285c605-663c-4ccb-b14f-51874e4bb024.jpg,0
9cfa9366-39a0-42eb-bdce-640596081938.jpg,1
3d945daa-cbaa-48ba-9092-646bc7e1cb69.jpg,0
55cc687d-8a07-424b-a255-bc1f60a96bcd.jpg,1
37ec7cf2-978e-45cd-9656-9500e13ed3af.jpg,0
504f8877-dd1d-469f-b2d0-3e270562f8bc.jpg,0
a1e53280-39ac-4d2e-a908-b512ce99117d.jpg,1
ffb0f9bc-d31e-497f-810c-39b266fc9f11.jpg,0
bacbb740-d8d1-4fde-ba13-ec591c614af1.jpg,0
83ab7862-8410-4e8e-9ea3-978abb62a18d.jpg,0
ed79e021-bbfd-4ca1-ac4b-29b503050e73.jpg,1
2385ec7c-f14a-4b75-8cd4-d5556c16da63.jpg,0
b2d2f8f3-e34d-4acf-bd8b-830e762786ff.jpg,1
68af53a3-54cd-4f72-8352-88a8288f0fcf.jpg,1
a928254a-bb7c-4519-b872-a5fa81532e16.jpg,0
d1156197-a81c-41e9-af60-9f79d21b7a9f.jpg,0
a69d8db3-76e4-4fcb-9b8e-40b57c647421.jpg,1
8e1ee3fb-5677-42d5-96f2-e41166f5ee9e.jpg,0
528e358b-b17d-43a2-af99-0f58ed0226e3.jpg,1
b953439b-f967-45d3-871a-f2529222d7e2.jpg,0
66630daf-03b2-4395-9766-b3b435e0e764.jpg,1
6def5a69-975b-4b50-bcc7-1af322c1d75f.jpg,0
5480900d-29b4-4116-bd8c-9fa7c3f457e2.jpg,0
b87bc4a5-3bb5-4001-b401-83dc4d3880a1.jpg,1
a534cb42-a608-46ac-90f0-ca5b5045a2ce.jpg,1
88befe01-ad83-41e3-ab14-5ce06b473b66.jpg,0
7dffa761-9485-4564-b63e-ac91ab101ada.jpg,1
1dbc6953-1ed7-47a7-86dc-f915aeed9163.jpg,1
1cf52650-0ac6-4d6d-8c52-b7ff440d14d3.jpg,1
969b7f16-e8b4-4deb-ac07-e1ee6a85f2b5.jpg,0
e1038903-c013-4b42-86b5-926e28892ea6.jpg,1
5f7d4efc-62c0-4bd6-ae39-1d6ccdf6f36a.jpg,0
afea375b-b116-4040-b865-dbf7fe86c758.jpg,1
9f505d3e-fab6-4faa-a1d3-80fe7fe8d876.jpg,0
eee27a39-ab6b-44aa-b5aa-d72da77d64cb.jpg,0
9f88efe3-2aea-4692-86bf-e96a0abfe62c.jpg,1
de1b68c8-8289-4fb4-8d2f-dc4074303789.jpg,0
ca68a4ca-8bf9-4091-8af2-7feea5c6dc9a.jpg,0
32b363eb-d4e7-4c03-838d-1480898a2a1c.jpg,1
ce812484-ccf1-4e4e-97bf-6b096696a2fc.jpg,0
f70f5551-8e4a-43f7-89ae-e3e2fab73cdc.jpg,0
e37b7766-fe03-459d-9416-b92144ec9ae4.jpg,1
ad444e61-aa03-41d3-abb9-fa7fc53cdc8d.jpg,0
47093795-dda8-4739-a90e-c5813fa280d6.jpg,1
1236c804-5289-4ca1-b44c-98cf72181fa7.jpg,0
1d67c9d3-439d-4472-b758-4f0ae0618a6c.jpg,1
a743a236-3a7d-46b9-acf5-67d591ebcaca.jpg,0
82165785-33d5-4a74-bcc5-2c7f00752a30.jpg,1
d421b735-d60e-4873-a114-42de5afa1d01.jpg,1
908981e4-0a53-4e34-a58e-762aca9d9198.jpg,1
ecc8ea62-242b-434e-bca0-95bce05a5474.jpg,0
d0803895-b472-4e1a-add4-1516b88aac7f.jpg,0
b373ab9a-49a8-4b93-94d7-b012ca6bbbee.jpg,0
8129b142-6de8-40c6-b161-5997527df9a5.jpg,1
b2d17db7-4082-47bf-8e8c-dcef8b39408a.jpg,1
8177112b-3fa6-4202-bc6a-954c38587a3a.jpg,0
d8aacf88-12ad-4600-a150-7b112e8c11c7.jpg,1
d7eccd19-715d-4644-9fa7-65c7ea846cdb.jpg,0
d6aed00a-7d2e-4fc6-b6d7-518ab210a416.jpg,1
0fa212c2-83d5-4a77-9560-af429d28cba7.jpg,1
fef9bf28-1566-4498-9fa5-795bbfba0908.jpg,0
650a05e6-3fd3-477b-b5cd-c2b62e944240.jpg,1
1a7bb556-8f3c-4b5e-8ae8-e96e77ac0047.jpg,1
971d3e9e-f579-462e-81a8-742e940e2376.jpg,0
f291d68e-bb52-4751-b829-7ce579587fad.jpg,1
db2e19c4-a683-43ce-926b-d3e5b78e0199.jpg,0
0d1ace12-46db-49c5-b7a1-c807ae21cc4f.jpg,1
69d80ffb-dea1-4191-b040-087f7dd91cc9.jpg,1
3a32a789-938c-4330-84fe-9fa53ea14592.jpg,1
90d32f10-0202-4bc6-b3cf-36efb3c91113.jpg,0
8542a0a7-fd66-4339-9cfb-65f5713c4b5e.jpg,1
cbdd16de-05c9-40da-89ab-8a1f660b4b2c.jpg,0
867c0d71-7a69-4491-955e-8d25d1f92726.jpg,1
76e62b44-383a-4b30-a65d-68dc6136e71d.jpg,1
eaaca7ad-4e43-4226-8e2d-8cecb6073ad9.jpg,1
9789b6c2-5bed-4101-a35c-f2492dc13be7.jpg,0
3d05178d-abd2-48e2-a6f7-79772d50298a.jpg,0
ae8ab8e1-be98-40e0-bf57-e236e7e1611d.jpg,0
f5ddd20b-7ce8-4b07-a169-3f535d8affa5.jpg,0
2f6f7f0c-038b-44d3-b1af-af98fb65d17b.jpg,1
700e5c95-1818-4829-b3c8-642e510a07ad.jpg,0
ad2d1773-716f-4e53-8161-0660b908b2c3.jpg,1
974cf570-e23c-4494-9457-ad96abe422de.jpg,1
89436907-b994-4016-979e-89101b993c3f.jpg,0
4a7ab319-ba0f-411e-9f64-ac479467ceac.jpg,0
81219647-b485-4a78-94f3-f3f917ed262b.jpg,0
f386a9c1-7bc7-4840-b45a-fd5fbe7400bc.jpg,0
4ae02270-fc97-4bb8-9d35-2bde7684de18.jpg,0
8a1763d4-ea0d-4d64-96d3-a69632786743.jpg,1
d88c7050-452e-4762-a466-de9a25c899fb.jpg,0
a32a7119-b960-4775-925b-f9b8296d6563.jpg,0
e744f2cb-c1d5-4a3c-a4b2-8b310a64643e.jpg,1
61c5d56a-011b-4ba6-929f-5975b1ff38eb.jpg,0
36e3bee5-9d72-4432-8be5-9e00dc152090.jpg,0
357424c8-7a0e-4bde-86ba-2b46f7de45a6.jpg,1
ef51b860-d07f-4952-99f8-488f26684940.jpg,0
70caba9d-c8a0-4794-8257-fe8b2446c3f9.jpg,0
7fcc7fcc-c70a-4539-951d-751b7cc7ff56.jpg,1
e7161fa0-d95b-4605-a664-6f3731920fff.jpg,1
e5335189-03dd-4702-b9e1-78e90f6b13aa.jpg,1
326298ca-8641-48c3-a696-28ac292151a0.jpg,0
5cd426ab-c5e3-469f-94bd-b2989c0ffa85.jpg,0
324a2f04-d66f-4b3a-90c7-3e2c68995cc0.jpg,0
6e9bb95f-07e7-4c68-8760-9aaf55d5f4d2.jpg,1
e7afd387-7815-45f3-a4da-1c50c20aa69e.jpg,0
91f6a62b-e26e-4580-8264-c3b30b76610a.jpg,0
8ac8b56a-4611-428b-a57b-0cefd39caa70.jpg,1
198339c8-9e7b-49bc-bf1d-42ac8adae221.jpg,0
889239a2-bde1-4dc3-8c46-5aed937a9bb5.jpg,0
7ebaa8be-584a-4834-a00f-a8b5a9cdaa14.jpg,1
2b2ece0c-e79d-4bd5-812e-8ff43d378569.jpg,0
c5cf0d6c-5d94-4cf1-b8cf-c7f20d5bd72c.jpg,1
521e999a-2ab2-4399-96c1-40c724778b0e.jpg,1
c2c6de4c-7939-4539-ac98-e5b0cfaa00c3.jpg,0
0872134f-c57c-4962-8214-758e03e1a9be.jpg,1
f5da39d2-d6ab-4874-9001-c7b45f145359.jpg,0
c35fcd81-5272-42c1-809f-5c0b26963ce2.jpg,0
d95618b6-8837-4b3a-9bcc-94108a742657.jpg,0
01f431a0-5d26-4745-a9c9-b2461467c21a.jpg,1
ba767869-273e-4c45-bc9d-57c40cd65ab4.jpg,0
f3aec4a6-0b60-4d50-b20b-627862bc72b0.jpg,0
d53b4e98-8d91-4bae-b913-3c5f3435e8c8.jpg,1
0fee121d-51de-4f78-9db0-c53d89e78623.jpg,1
3dc4408c-bbe8-4770-897e-3d94e80c41a8.jpg,0
8ca10068-9120-44e2-8478-1fa54bd3d23e.jpg,1
9aaa85c0-2272-4c28-b973-6006be61f292.jpg,0
ccbb606e-cef7-415c-877e-f3a5cf30d523.jpg,0
45e4225f-f5a5-4f4c-af5d-e3f9507d25e9.jpg,1
0eb81aa2-3576-4389-acfc-8d06f7cb1ea7.jpg,1
52db67c4-ad20-4376-be91-dcb5e643cca3.jpg,1
414966ac-89ad-4b39-a9b0-27eace283f87.jpg,0
b8367f19-406d-4d26-94cf-84c66197cbbc.jpg,1
d9359283-aa43-4057-8828-41a7c773af26.jpg,0
2ee23704-99e4-4ca9-b04a-99ce237db6d7.jpg,0
5eda706a-100c-4251-95bd-0fcbf6ec6e7f.jpg,0
b4b741e3-23f8-44a4-9977-b58fbb1d71d1.jpg,1
352db7b2-e7b5-4f59-8be1-48e12d1b0133.jpg,0
6f954429-c0b0-4fa3-b198-4813948761bb.jpg,0
acf200ec-f7b2-437e-b495-b9b18611f5b4.jpg,0
193aac67-9e13-4918-8dce-cff3225fa364.jpg,1
45b65745-291e-4465-b7de-7e7087efe9df.jpg,1
0029bebb-b717-4fbd-be11-5ba9e94ca180.jpg,0
e11cf486-5108-4d1b-8438-a6967f07c613.jpg,0
83f4edd9-2917-4342-9731-9cec492a07d9.jpg,1
09b4837c-cb29-4823-9447-117d7371b4ab.jpg,1
5011e118-30f2-4048-95b4-f31f56af4cf3.jpg,1
8cc6bea6-e2d4-418f-9716-52df09dacbfa.jpg,0
101b432e-87d0-4d1a-8bff-2641a078b757.jpg,1
6ac498ef-e4dc-42fa-b776-9a0056031940.jpg,0
e2a0f0de-eb08-4aad-ac21-3ee3b94c858e.jpg,1
f098a6fa-f7f1-44a5-abfe-1a53956c1fb8.jpg,1
1ef9ac0b-9548-429d-b71c-3f16bbd2ff2a.jpg,1
0dc136b4-f6bb-43a7-bc03-e25b8b2706ba.jpg,1
c3908b66-8889-43f1-bb90-2a80e369e5ca.jpg,1
c1e26a0b-e601-492d-83f0-873554dd0751.jpg,1
13f9a324-15e5-4ff4-b703-7290c251d1fc.jpg,1
9cab07e5-a046-49e1-992f-630ebec303db.jpg,0
15e09f30-52bb-4975-a282-155891915315.jpg,1
642d13df-37fe-4b90-b2d4-ab918f42b6dd.jpg,1
aa326dbd-9641-4333-8015-daed08b07f9b.jpg,0
5eea7119-9930-42ad-9205-b470de70b6c4.jpg,1
772fffb5-dd89-4adc-907b-8362eaead695.jpg,0
78d58887-50a9-4026-a0e9-51ee5389ae27.jpg,0
b3c24c04-025e-4c19-93bf-e3d31d03e091.jpg,0
4b98bd4d-1565-4428-8cd5-bcf57732a8a6.jpg,0
d79cd3cb-17ab-4194-8821-fc9ae958c51b.jpg,1
8fdb0ed8-e389-4120-b93a-abf2e967e6c4.jpg,0
863cac72-b07b-4619-a3c3-179d629f9022.jpg,0
2742a9bb-5032-4c6d-990a-d5014302c2ea.jpg,0
c0d596d8-933c-47bc-a9e5-f54110c378c6.jpg,1
e2f0ca68-2f45-4e68-9772-53a162718230.jpg,1
f140b5f5-3f9d-4766-a0ea-f6e8ea29c49f.jpg,0
ba2463f8-2965-4453-a0bf-470f9ab03653.jpg,1
6fae1882-3420-4206-b2bf-e0e07ef38484.jpg,0
275c9147-d050-481e-9965-bd044588a688.jpg,1
7487d26c-a7e8-48f7-bfdd-e92412b4fbe1.jpg,0
47eba937-b722-4449-b686-e15372e8bf50.jpg,1
dbdf0285-8f3c-4b35-bb44-a174d22dd67a.jpg,1
0ffaf601-7826-4781-ac99-1f7a9528abb0.jpg,0
e99d387a-4be1-48c8-b8d2-efd5b31bba01.jpg,0
222e16e7-35c1-46f0-b022-f59439316279.jpg,0
661285ba-ef37-42d6-a21e-b9c1e3d7be97.jpg,0
7ac2dc53-8daa-409d-8d66-8c12760baa9b.jpg,1
c5462236-641e-4078-85e0-c12adb890bc3.jpg,0
bf623b7e-1e84-4d72-a096-ca8d6d190a71.jpg,0
f86af000-7340-41de-a775-47c7078940ef.jpg,0
3607beb2-fec4-450b-b1bc-55b300c1db9d.jpg,0
6f089e71-0162-4444-86ef-c06cd9a4ba65.jpg,1
7bc14b33-ebef-49ab-bf10-785d9baa0a2c.jpg,0
90ba2c9b-64af-4a98-afa6-47bbb64ad490.jpg,0
692a4284-bac4-48af-9b7b-71c743efb95f.jpg,0
6179f53e-4a25-4e1c-9918-bc9df0bf5b6d.jpg,1
55cafcf0-782d-46b3-96c9-534dea4f2abe.jpg,1
eed43d53-5517-4a5b-9ddb-5cd1374da816.jpg,0
2340de22-7ede-4206-8064-f77998db32bf.jpg,0
5837f8ee-a85a-48e5-83ed-4a2538d95cfb.jpg,0
6d6104cc-d0a2-4ea5-a8b1-f18e62713a5c.jpg,0
f72080a8-bab6-41f8-b6c1-8ae36659313c.jpg,0
681b8d4f-a67b-4984-b6d8-01361db8c13d.jpg,0
9f8d4175-112d-40c9-861f-a3ac00570d81.jpg,0
11b823f8-4639-4d7f-a679-fae4cc8ccdcd.jpg,0
86162da1-48db-4406-8004-469f8fc6cda3.jpg,0
ade638ad-9c44-48a5-a701-0a6098b9e47f.jpg,0
423ffd7e-db72-4c9e-9a4b-6253f4bc3bce.jpg,0
88f73bb6-3332-4c58-8b41-5435609ba57b.jpg,0
7dce636f-f18e-4d27-afe7-c4d3485a53f2.jpg,0
9481b957-1c8c-428e-8000-f44ab5eb20e5.jpg,0
aff05a40-0818-4d9d-9396-a7c600fd82e5.jpg,0
607a13b0-b1f8-4bb7-a26b-effb6b5ba700.jpg,0
652851e7-33f0-4946-99dc-bb381b55a0e0.jpg,1
0daf4ede-9af0-4abb-a67c-3e768b444b8e.jpg,0
a912608b-79da-48fb-b0fa-4f8bc6349689.jpg,1
fed88a54-1927-4199-9729-9bf2f5b080ac.jpg,1
911e67a4-853a-4cd3-84bd-1c8b7d6167a0.jpg,1
28530654-bdd0-43f2-b665-8ff3ce3ad800.jpg,1
fc9d1ba5-fd06-436c-a79d-3f25b010b46a.jpg,0
86b97e24-a484-4256-bf15-d0ebba8cfc46.jpg,1
5d99759a-a98d-4da0-b523-e8f409a95139.jpg,1
77216a09-db2e-459c-8ed2-088c258646e5.jpg,1
569e9746-bcfe-4c20-8feb-5a6d908bcd96.jpg,1
641172c8-db3b-4115-88ca-5b3e843e3218.jpg,0
f9288230-fc8d-4488-a480-858df879deac.jpg,0
d6aa903f-a5ad-4cb0-81f3-4df477d7d84d.jpg,0
2c49c166-0fb7-4eec-a9ba-ae2fe4b82d50.jpg,1
f2d83ac4-4db3-44af-8e28-8f2e8d703e3d.jpg,0
070826b8-c0d3-42ef-b045-d7d75763258d.jpg,1
6b86741f-a7d7-4f8d-ab00-4ef4dc2cc80c.jpg,0
b064bf57-9caa-4d4c-86c6-0ed4a5a2078a.jpg,0
59023b2e-730e-4b94-b658-272666ff28d2.jpg,1
0f47329a-386b-473b-81ab-18e01bf0ea32.jpg,1
b93a7c7b-a2ce-48b1-b507-23dc8c2edc43.jpg,0
e24abce6-a4a6-47c2-b87e-d298a366992e.jpg,1
6a40c6e8-3c90-4274-9f66-cfa276269369.jpg,1
e9166000-dcfb-492b-ad5c-2f2ff39e8d39.jpg,1
b4e1d93e-f519-476f-88c6-dd3ef7251f38.jpg,0
52fcf267-2234-41d5-be69-864347ab08c5.jpg,0
032da5f4-e0f8-4e58-9cb7-079a4e81e6fd.jpg,0
79f1dc31-aef0-49d7-b6dc-2672e5de2d6e.jpg,1
0b488ee7-313f-4f2b-9cbe-b48aa702fc32.jpg,1
aa48e429-a438-47fc-82f6-edcf74da9404.jpg,0
8b671570-992a-4f38-ae89-84a80311f53c.jpg,0
a92e2e3b-764b-43f6-8613-8d5d2f9d043e.jpg,1
e62278cf-56ac-4200-95ea-492331a9a6fe.jpg,0
d033b448-fd3a-4a01-9b64-d0924c4e5a53.jpg,1
463586df-9f20-4a3c-a844-48959491a90c.jpg,0
e4eba1e3-ac38-47c2-ae78-80b6bd83e87b.jpg,0
9c3acf1a-1d2a-48f6-b295-8d3dfb838afc.jpg,1
3c5a1731-73f4-4901-8a37-bb63ce24ca29.jpg,0
2eade933-b7b1-4e03-8594-b0927070559d.jpg,1
85dea715-f5e6-4775-a0fb-f7603efc1f9d.jpg,0
b51b51d8-3f18-413c-bf39-125bba1b1190.jpg,1
a374f716-4d23-4ae0-9c96-f870a55984a3.jpg,1
66ead5f7-c71f-46bc-883e-94ca4979e021.jpg,1
5dc6b65e-a691-4c38-8177-88c70cfd9c12.jpg,0
44b4cbc7-8749-42ee-aeeb-06a430892dcb.jpg,1
dcd59cdc-5327-4a72-aa85-a17c2ea17198.jpg,0
1d73b331-e657-4c6d-88a9-7c1c0a440875.jpg,0
5b4f7cf6-ab48-4236-a1a9-655c1dfcd36d.jpg,0
6a15cebd-0af4-41e3-abea-88d36c2bbdf5.jpg,1
d54bc712-1ceb-48e1-9b95-9d54fe93da89.jpg,1
45e3593f-ce28-4766-809a-2ca0eb34eeb1.jpg,1
b9275a80-ef16-4981-a52c-e2a35b9130bf.jpg,0
a70c8212-9a22-4bc4-97c5-6c2f170ce11d.jpg,0
c36c3e7d-7934-4010-a2a5-6b240ffa43e4.jpg,1
abe93e6f-00c6-4b6b-a78b-9b3dad869c82.jpg,0
aa381d93-98ca-4fd8-a641-ee5f664d773f.jpg,0
e625074b-b7b4-49a4-bc79-a7d9ab900584.jpg,0
da110547-b0cd-4dba-aee9-77fd416f1510.jpg,1
2538ef6f-1268-44ed-8d86-41e30485c634.jpg,1
c361be7a-4251-4333-a8b4-096f0efa599e.jpg,0
58e1f6cb-b853-4d1d-851d-7961c9078cc3.jpg,1
b39a3e6d-81c1-4255-9710-b3795746f0c4.jpg,0
f66d5e30-2009-48d6-9d9e-4fa5de113c3c.jpg,1
f7650c41-47f6-41b7-9ab7-d05b0597f5b2.jpg,0
4fb69670-5ad2-4613-9382-1cc863c0cf69.jpg,0
1331664f-e655-45f9-ace0-993ea921ef3a.jpg,0
1d767ed8-782b-494d-a809-cb2b0ce5e36c.jpg,1
13deaeb1-186c-4bb6-b7f4-d2bbc1dcc2ee.jpg,0
bf5a49c2-30ad-418c-9390-91937514f64f.jpg,0
6d99a2b7-503e-47a7-865e-af5fa0ad2238.jpg,1
27a45c25-c5da-4304-8617-2f938016c316.jpg,1
d95dd826-070f-4574-a55a-de7d28676381.jpg,0
d459b047-9af6-4a7b-8938-7eccdb1efcdd.jpg,0
65c885d0-e24e-42ff-b81f-8090be768840.jpg,0
a4effb75-802e-4bbf-9629-f1a8b3f0ed08.jpg,1
3ff52274-df45-4c1d-8de8-c3f394f6f070.jpg,1
3895981a-03dd-4c2e-9220-7701314e2ebd.jpg,0
7efcf261-aa97-44b0-8ecd-7bc758c83821.jpg,1
1f27b0ea-48f2-440b-926c-297e65064a0e.jpg,1
8d02b729-0aa5-478c-92f2-39d0a19b21e8.jpg,1
0decfd47-3190-448c-98b3-2850654faa3a.jpg,1
4935ae36-0142-4952-9c50-168806bb6c3c.jpg,0
2a966bb4-8daf-428a-ac62-6a3c122aa5cf.jpg,0
d1cf5889-a9c0-41c2-a7b1-771e51387a0a.jpg,1
4f9dd28e-75dd-4322-ae7a-d24492a218ac.jpg,0
718cf9fd-ffc5-41da-a4fe-cedcfa53a527.jpg,0
9eb1661e-b03a-4c5c-bbe8-7bfb61ab19f9.jpg,0
c7ce197e-caf0-4464-906f-b608ef8bc1b1.jpg,0
e0d9e001-18e9-4b21-9fda-f2b22a92a52f.jpg,1
95c2fa4f-154c-4639-a56f-3faf5e117e18.jpg,0
97e3846b-62ae-4762-8477-aa2c78a00f0a.jpg,1
b99246fd-23a7-471e-bb2b-e668d829c7aa.jpg,0
95718b23-346e-4716-bba3-fb873a8732cb.jpg,1
c91c1cb9-a4dd-406a-ae5b-a21c53d494ed.jpg,1
d874d7de-cb15-45b7-a0a6-a8df41c05c1d.jpg,0
2f4366d1-6bdc-4122-8fcf-6cda5f90690c.jpg,0
26d8b0bc-9a41-4c36-80e2-7c3db949c057.jpg,1
8922d75d-b10d-4db6-9d2f-7b3b555f0cc2.jpg,1
a5801c44-9153-441d-826a-dfece3c9ef58.jpg,0
264ed034-1321-4c19-9524-abe401905750.jpg,0
69fa7394-7b89-4805-b83f-9e264ade33cb.jpg,0
c14a2e18-df67-458a-914e-17184f68f52e.jpg,0
9f17db66-8fe8-4898-bba3-0b25fd678289.jpg,0
589be0ae-a714-4847-904d-864f469026cf.jpg,1
cb3859ca-f745-40bb-a0f1-500eefd6ba79.jpg,1
76d56f10-2521-482a-a993-72a25c46fa99.jpg,1
89b3f8db-689f-4ce9-b270-5bf5658c7a6b.jpg,0
443daa14-b81d-45c7-a78b-22509339bfb2.jpg,0
4851e11a-886a-4171-813a-4f581ab0a94e.jpg,1
471bba8f-63b6-4032-b4c3-9c8aabbbfc00.jpg,0
31cb6d4f-ef80-4bee-822f-0b07b06681d0.jpg,0
6f69e500-2a37-4af9-9a21-696a4badb9df.jpg,0
b3b9b610-0b82-4079-bf7f-935ad9f8dec4.jpg,0
4713f7d9-09d1-47e7-8893-a919ef9fda5c.jpg,1
4d398ec3-19ba-424f-ae9c-c0939cbe83a5.jpg,1
a798a3ca-6cdb-453f-b904-8d2944d2a5c6.jpg,1
361d0d7e-60f8-416d-8b11-c7949f9d39ec.jpg,0
3591b30c-9928-4600-9ce4-13f27f910288.jpg,0
97a34900-7d2f-4a98-b316-95e2027114f3.jpg,1
15a53ad6-0fdd-4cc6-a5ab-a130e38032d6.jpg,0
39c47b5d-2c97-4329-b459-98955a288baa.jpg,1
9c7c2066-0987-4d00-884d-b1ba9fc59833.jpg,0
d18d14e5-0988-45cd-a9be-dc6a9a93bec7.jpg,1
4aca7d4b-cda9-4048-bc2a-0e1439175b3b.jpg,0
e95fe007-b9c1-4fc9-a9cb-a0548656b702.jpg,1
4e2d7322-14d2-4997-a543-7a9f7ba5eeca.jpg,0
e9876636-b89a-4fc5-a994-5a3edf2ef1c3.jpg,0
deade54a-8922-40d3-9368-cdb63505faf7.jpg,0
f6278519-cc91-4d0f-8588-be2d43634433.jpg,0
003c6ba1-6eb8-4ddf-b5ed-825ac7c62a31.jpg,0
9198ed7a-24ca-45cc-899b-f844c80335f2.jpg,0
39a5cfac-3540-42ba-925c-282a5e85e021.jpg,0
5f0092fe-69f3-4865-89f5-694f1dcd551c.jpg,1
60df6365-fc1a-40ad-9dc5-a2d074fcf421.jpg,0
071a5164-e352-4663-a552-6e9166b02ac8.jpg,0
92a507e0-1c8c-4719-ac09-3c638e467d5e.jpg,0
0ba54739-a799-4d1c-a99c-50750f8994ef.jpg,1
99aa3c8c-95a9-4057-b51f-822c71681dc0.jpg,1
322cdb27-558d-4543-af03-a4321add4105.jpg,1
be7a7f30-394a-46a9-adca-c1a391dbccc4.jpg,0
96071ba5-fff9-44ee-a4a8-49e81d170fcd.jpg,0
c281bdd1-0897-4c18-857f-5b9b44eee607.jpg,1
3ac2a364-9958-44e7-80d4-7e2d28b60558.jpg,1
6251d5c2-66bf-47cf-8915-f986036e6ade.jpg,0
fdf0802c-915a-4925-bc33-2731c212634b.jpg,0
9ff833f2-9f15-4140-a1e7-7642db38f69b.jpg,0
73e76e05-9c5d-4319-8415-c252b5d30cc3.jpg,1
a5851d33-b67f-427f-bd71-304105359951.jpg,0
c681a08f-1a90-4fd7-ab72-744258cb8d04.jpg,1
08885c93-f625-42fe-81cc-575968706148.jpg,0
253271bd-c455-4005-b79f-f1e5d55529d6.jpg,1
3998c7d0-aaa4-44b1-b084-58d6eb902e64.jpg,0
540f53cc-45a8-4967-bb3d-949914b18537.jpg,0
bef04c91-54c4-4ea0-999a-4e7607273c2e.jpg,1
b82f8f72-df29-4a46-acae-5883a36fb5d3.jpg,0
3a0ef98d-1b4d-4fe7-af05-1db600bd274b.jpg,1
be12876d-b2fb-41b8-89c4-9aa3fcfa3718.jpg,1
ff51255a-8a49-4f04-a36d-54204e731099.jpg,0
eeeb0c13-1a28-493b-88db-d675d91d26ed.jpg,1
2a7c8272-09a7-4271-9191-35fd2730327f.jpg,0
8aeda35f-531c-491a-9726-4658b0e96275.jpg,1
c2eb1974-e92d-4f2d-bbfa-c1eeb5eaa607.jpg,0
28d311b5-ec3c-403e-b717-06727dd336aa.jpg,0
3b093fa8-71c7-4162-96ea-1e745e2db5c0.jpg,0
e3182aaa-ece8-4713-9125-d8a332767b63.jpg,1
1b5ffe04-aa07-4e63-a731-d118ce6f1416.jpg,1
0e573c1e-ff0e-43d8-ac10-9f1b1d795414.jpg,0
6f620a08-9842-4ee3-bef4-43fcf03630a1.jpg,1
b7d44fa5-47d7-4b93-91f0-d227be58bf4e.jpg,1
46282297-0bc5-426a-b4cb-021a5388029c.jpg,0
010d3cf6-4aa1-4e12-9c06-1d025f45389b.jpg,1
36d1b69a-9c6c-4840-b0cf-05b69ac4072c.jpg,0
0703378e-a665-40ca-81e5-80a36de84829.jpg,0
5d8dfde7-a1fb-4523-bc51-b3b63de1102e.jpg,0
f9975ed8-1bf0-405a-b027-e3fc358d2ccd.jpg,1
08a7b6af-c702-46c4-a323-a24d812d65ff.jpg,1
d31bfa87-e0af-4a41-9c52-17c212129888.jpg,0
07b8f8d5-f29a-4509-a089-8cedb7f8b90d.jpg,0
b6393806-ce11-4988-b721-d6c944f5155f.jpg,0
10e3de5b-0d73-4dae-8a27-b09ab21a7817.jpg,0
f53142ee-0b50-4a7d-8045-167f9da8816a.jpg,1
3f445f1e-ed21-404e-8475-2beedbacf416.jpg,1
db410cf6-e2a9-4eec-ab60-2d44654b3a8c.jpg,1
82a15a36-ca41-4f1a-8281-4943e05a5f37.jpg,0
0db7d346-fda9-4bd1-9b29-ee10e094672a.jpg,1
7f7bc7c1-17b2-41d9-a8bd-fa7508f42c24.jpg,0
0294a9a9-fc4d-469d-a5b5-5343c46dd74f.jpg,1
8516a6bb-965a-4f54-a2a4-dc93af631ab8.jpg,0
c010a0a5-b59c-4b93-ba43-c50ea40cfa76.jpg,1
bb3963d3-a8f3-4737-a4b3-df1aa9accc11.jpg,0
32ed9ef5-1b46-465d-8d50-d8dcd2b53dd0.jpg,0
defa4e10-7c79-4f27-816f-3742bd0413f0.jpg,1
9a2dcc0f-6ed8-476b-9dc8-377a35369fd7.jpg,1
1f2aa92a-9e32-46e8-8170-6456f175dc3a.jpg,1
33262c0c-b30e-45be-8dca-91b6034c6bc0.jpg,0
700a48ac-ed2a-451d-8b91-82b9d4640837.jpg,1
7a42764b-b56a-40be-878e-9c242b514921.jpg,1
7adf9079-4e90-4e74-b586-df502c759fa3.jpg,1
32e07ba2-f521-4a46-b009-5608fe24209a.jpg,0
13d7df0b-ab08-4d1e-a5e4-b08dfe7d9139.jpg,1
ab2392e0-a422-42d1-b2a5-1bdfd070a52b.jpg,0
ddad0a1b-179e-41ff-9529-144604f8d540.jpg,0
fb59c897-8305-4609-b4cd-87cd3e146f07.jpg,1
2afe1682-ed05-49a4-85dd-126bec327da1.jpg,1
b5d6a689-353d-45fa-a823-7fc435c579a1.jpg,1
375a7578-c684-4a8c-9419-23f738d1cc7d.jpg,0
f07e6abb-f030-4089-af00-550f17d5aec6.jpg,1
1ba0fe95-1d41-426a-b68f-c3602fe7206d.jpg,1
55a7c8f0-e742-4323-ad69-5fdae0c57b8a.jpg,0
1030797f-b460-4776-a3dc-4da6abe718bf.jpg,0
f85058ad-e35f-41d9-9d6b-660dae5f2e4f.jpg,0
50ed47ff-291b-4ebb-a112-c1610ece69a6.jpg,0
fc425eff-361f-4121-b213-1cb9d63e093d.jpg,1
31484d0d-1274-4486-a065-95837e5b1f98.jpg,1
fb6afa7b-e43e-4abe-8e7c-605893a8f525.jpg,0
3a7c1b18-5171-46d5-ac58-3dcb4ddd381c.jpg,1
c1d467b2-ac3e-4758-85b8-ca14d64f9230.jpg,1
ef7ea529-9f08-4eed-af6c-3b7e9916f1e1.jpg,0
4c0bb25f-6f66-4e88-99b1-02064884a7c9.jpg,0
765c9133-5538-4e57-8147-0a054796f604.jpg,1
e753ad71-0c53-4a08-9cc4-db32ee2d0258.jpg,1
d04f59a7-51ea-419d-9b44-485f90844587.jpg,0
f619a80c-101b-49c3-a83a-abea5ab7a27b.jpg,1
67331150-30e6-4277-a990-9150c24d041a.jpg,1
1b047ef1-355a-4f7c-94f1-627e56dfd1e8.jpg,0
f4f0f0e4-81da-4ad1-85b4-0b258c757e8f.jpg,0
283b8502-9933-4a34-8cfe-f8ce7ebc6519.jpg,0
2924da23-1349-4164-88d0-25e828ff7c7d.jpg,1
02f025a2-f03a-4ab3-a487-92c3d4364697.jpg,1
38c073dc-7481-479b-99fc-ff4e53cf4924.jpg,1
74f5f1f8-b6d5-418c-bd67-64e8cd213e95.jpg,1
65735307-0182-4321-ada7-cc6a47b499e7.jpg,1
139ed4af-c0b2-43cf-8f2f-70489247ba18.jpg,1
56704994-d6f8-4519-a3d2-0988deff97ba.jpg,0
a78243f6-3045-4bb2-93ba-620ef17343ae.jpg,0
b5ab6349-2726-4f44-8a25-611c65ad5e6d.jpg,0
d596d935-8914-4907-8c58-d870c17d3c2e.jpg,1
1761dca2-6fc6-4df1-bc8f-edf2a00cef06.jpg,1
8c420fea-cba3-4a23-9487-2acd703a3cae.jpg,0
8a8d2ec9-32dc-4ee5-9382-fab18d2ff9ba.jpg,0
e8c21768-4a7e-461c-bd0a-2d30c3e0ed74.jpg,0
264a4db7-d9ef-423e-94cc-c21a256fd273.jpg,0
e6056d6d-1152-42e7-bd54-3980b22179d4.jpg,0
5a71a0b5-ca2c-402a-82cf-d40f52d27077.jpg,0
ee6c6742-876e-4312-ad6c-dfaa69868d5b.jpg,0
b7f0f858-1bfd-4c93-b435-67e399ecda57.jpg,1
cb5202e9-6c9c-4cd0-a6d1-fb75d30f2f7c.jpg,0
c5b7db3d-2bbd-4907-a2cd-e6684eaef19d.jpg,0
5bd586ba-fed8-4a02-a797-f0e71c6333f7.jpg,0
9f7a5cce-ae4b-4296-acfc-df015cb26322.jpg,0
7a10153f-1c96-4ab3-957b-5c491bb3bf2a.jpg,1
6f2c72ba-d92a-40cc-a136-f3db15181733.jpg,1
1f4cf15b-4ea9-4234-a11f-2c74003c011f.jpg,0
839466c2-0c90-4490-829c-a57f56033d12.jpg,0
3c5a458a-5bd2-4c4a-aca6-b44b1cb9b361.jpg,0
c6125c7d-f45b-4142-9547-8f106d1989a4.jpg,0
95883d65-25b2-457f-bb70-2c3e8b86c471.jpg,1
61fdd7e8-e429-4fde-9bf3-7134928e494e.jpg,0
6f96b339-535d-4a6a-b29c-e62d60ad1b18.jpg,0
ffb380a3-4cdd-41ef-b837-98f3342d4c2d.jpg,0
272165a0-899a-4a44-8e46-908fda3581d5.jpg,0
9c7b3e23-036f-4b89-9db8-27e77b7d458a.jpg,0
a62b6197-d7a2-41ec-ae8d-56babb5e5e26.jpg,0
c33347be-5a8f-46f4-885b-6cc486d4c84b.jpg,1
c3d83caa-d5a8-40a1-a4de-dd7ba43f82a7.jpg,0
9a0c48ab-51ac-4ea2-84fc-d3f27d50321b.jpg,0
1e89e7b1-f2ed-4ec5-8493-2733efdadc67.jpg,0
62790078-d033-4af9-bd55-e317491d58cd.jpg,1
15b93e8c-792f-4e50-a5e1-6a22568d34c3.jpg,1
55f94cba-ca93-4547-8629-4a302bc5f720.jpg,1
925265be-6918-4fd2-95c4-1e4c67e187fb.jpg,1
4c71e69b-041b-4dd0-92c1-92db53657a91.jpg,1
10e5433e-d7ea-4ff8-a957-6acc53b876a5.jpg,0
3a3f0005-9da1-4cae-bfc6-2c6c8415f7ff.jpg,0
1fa95db2-e66e-4b2a-b758-a97ce5545bd7.jpg,1
70529150-c440-4e14-afbf-4492e5d6ed39.jpg,1
2161cd17-d105-42df-adf9-a403d41083ea.jpg,1
c8c74f72-3cc2-4809-a0ac-be4710a433c6.jpg,0
b9eab60d-7a4a-4759-9d45-dda99cabac41.jpg,0
36bb1bb6-4054-4a10-8474-d2985394ff39.jpg,0
b28c416b-2fe2-48b9-95ad-fccdbf5e0dc6.jpg,0
18815bb1-e43d-44f6-a3cd-bda5be47106c.jpg,0
20599630-9401-4586-b50c-728123a5f4cf.jpg,0
78bcdcef-e73f-4a3c-9731-e062aad6bb45.jpg,0
5ee82ce5-f38a-4d97-8409-8a5092f33ece.jpg,1
229295e4-8e38-47b5-b362-35271a9ec0f6.jpg,1
8bc2bfd9-5988-401d-93ab-4fcc32aee047.jpg,1
1efc379c-8fb9-43af-a49e-be4e141c528a.jpg,0
83ab2985-e14f-4a06-91ba-1ebc1fe9bc2e.jpg,0
0ca90acf-5554-4ca9-bbe5-5904f98c9834.jpg,1
8ed060fc-508c-4194-9e9e-768f4f03bf4d.jpg,0
605eb2bc-b651-4ec5-9934-af3156b9358a.jpg,0
5e91ec70-5df1-4c68-8925-d670017f6a62.jpg,0
df99cba9-8af9-46a1-9fc7-93c57d0f40bd.jpg,0
fdef59f0-2122-4b03-b3f6-085795866dc8.jpg,0
632bb7ee-6099-4536-a3b6-1fb4a98c840b.jpg,1
31437ddf-ab07-4773-b5a2-cb8b23901faa.jpg,0
484e96f6-3194-4bff-92fb-81d9daf2f5d4.jpg,1
e15c2864-e647-473c-b089-c487fbccd9cf.jpg,0
d14e5829-3012-4506-b1d5-ae258ad81849.jpg,1
068688d5-dd45-4eec-805c-7752395b72e7.jpg,1
4b802b13-ad30-4303-8067-6641982ebbac.jpg,0
d2b4bdf4-d9b9-4a7c-8564-5abe0136810d.jpg,0
b4a57e80-a0e7-402e-af9d-b3a538f2c24d.jpg,0
56ed0724-f409-4b4c-9884-711764173830.jpg,0
271f9d4a-6913-44ef-a6ad-e1b5b1d584ea.jpg,1
d158688c-5231-466d-b452-ca8be833611f.jpg,1
866f55c8-34c6-4c6a-9160-7b95f6698480.jpg,0
a58d1b6a-5014-4f1e-9a92-5cd971e08fdb.jpg,0
b31a7656-0968-4b7d-bc60-8d9b84295edf.jpg,1
9bb72760-dd90-4d5e-8085-5c7902caa980.jpg,0
c4d9b793-e942-46f9-b0ff-e2cd13b525a4.jpg,1
b704d122-44ba-4c87-ba41-5588237c1db1.jpg,1
4046cdce-211e-4518-bbbd-789aba657d65.jpg,1
06b62e99-f1c0-4a0c-a75c-7dc345ff9638.jpg,0
6f2c9623-7ed9-48f1-ab67-eb56ff0a75d4.jpg,0
d8839044-fea3-45f6-b8cc-d0fc583b653f.jpg,0
eee9cc39-2f5c-45cb-99bf-e89ac5189e7e.jpg,0
18665690-7a4b-4f0b-845e-c32b8484b031.jpg,0
7f525c1f-5630-45d4-afc6-993bf5d0aa9a.jpg,1
83e3008c-cc16-4b4a-8339-d8113711a2be.jpg,0
c9bcb8d4-5331-4937-81c9-ce3f4bc17ae7.jpg,0
53862af7-f032-46a4-bf48-da16cf2b9065.jpg,0
aab92399-f8a9-4a52-81b9-29bd4b2be888.jpg,0
9c11f356-d407-4621-981f-d3092cd7555c.jpg,1
86c92bca-050c-4038-9ccd-4b6ba43bd5df.jpg,1
a6b723a4-d33a-42b6-9337-28e4ba99c13a.jpg,0
8cdc87f5-38c3-4634-8c41-14652bd56f1a.jpg,1
91fae840-26f6-4fa5-84f6-28dfc6f0266f.jpg,0
297d9654-360c-4de6-b5f0-3b6d9dd866c2.jpg,0
c36da2c0-31d7-44bb-98d3-e2c099dd6294.jpg,1
bfae9b87-26d5-47a0-9011-96449518dd9c.jpg,1
db644fed-2fd7-4de8-8a8e-6f429023d89b.jpg,0
d7b1853d-ce04-4e79-8cda-5fa5c9ee2d16.jpg,0
d7c67a5e-7a11-4165-b5c3-38e1643a6968.jpg,1
2b13d628-2532-477c-a805-4af27c1a3072.jpg,0
9009eae0-78b7-4922-ab01-46d0712c6fab.jpg,0
aec48d66-6937-4c02-a104-799a0f570ad5.jpg,0
8da4b8e2-a41a-4a10-b2aa-9f9a4481e74a.jpg,1
c984b44a-14c9-470e-a311-b3e185fb1323.jpg,0
5ac90487-d491-4dbb-9d76-1cdcbc1222cc.jpg,0
106b79f6-4e70-4a12-9d5d-69b3ea5030f0.jpg,0
9c4a95e0-6f84-49d3-b965-2cad4f9cac59.jpg,1
cf3d33f4-0c57-49b3-a263-549819c4452d.jpg,1
dd1722d9-e3e1-4946-88ad-5f758d4b6123.jpg,1
4f67a126-59a7-4986-a135-ad67aed17bda.jpg,1
1dfe3540-e503-45ae-ae07-e2fc554ce57d.jpg,1
07256a03-0195-441b-92fb-30b92a986be7.jpg,1
5a91db47-2843-4f1d-a080-2890bc51efd6.jpg,1
5d75629e-8042-4b5f-b6a9-a77ba0388e20.jpg,1
9cdf53c8-0384-42f0-9bac-054277ecca0c.jpg,0
e4c154e4-1086-4d72-9001-f458f6901790.jpg,0
09f1f32f-6d3f-4f79-86db-8ec55457f5d7.jpg,1
f03a38c9-5704-4e85-b84b-449ebca3cbf1.jpg,0
0da5ae12-094d-4586-a9a8-bd8a4bd02588.jpg,0
6ab9f343-a13c-4536-b51e-2f4bb9512f2e.jpg,0
fc1df913-3712-4482-8c9c-0b5a1ba63359.jpg,0
fd659ee0-d6b1-4acd-9327-5d34ed5e3c4c.jpg,1
425ca9bd-f887-49be-92af-188b3ce1d73d.jpg,0
1242ae35-ad04-4ae6-b768-14e1abcf0911.jpg,0
830fd154-233a-4069-a9bc-bcebe373e392.jpg,1
1a7b27c6-d6e7-4941-9ac8-20a14f4e1c28.jpg,0
4cc68b09-1db8-4394-a46a-22426b1b8bf9.jpg,0
297b4d82-2492-4fc7-9a43-a92cea526fa9.jpg,0
1a095dbe-5b5e-4e7a-8dce-f6cde29009cf.jpg,0
4d248fb0-e8d5-4a79-a757-d53103bde1bf.jpg,0
88ddfab7-93b0-4554-8f8a-277ef07ae7d5.jpg,0
a01649fe-b4b3-4117-bbfd-bd95ea591ee9.jpg,1
17a0a15e-f570-4f82-b25a-88a710911804.jpg,1
82cc90c3-5bcd-4fbf-8c65-28e97b66bc4c.jpg,1
7756cc75-6ce3-46f1-a908-319c477e489d.jpg,0
eb06984b-7c1a-4454-ad09-8cf2667dddb7.jpg,0
e349ba3d-b399-4af9-a5fd-590d8db9250a.jpg,1
83af62a2-9f8e-4bf8-abb4-2a4701835ba8.jpg,1
bb3b91e9-21e2-4a60-8075-c54c5ed22a74.jpg,0
34c39a9c-c011-440d-a280-2f451ac5eff6.jpg,1
109fe928-60fd-4c95-a412-a55c7bba0f4a.jpg,1
e8b2edd7-bda1-4e7e-9096-b2e0156a13f2.jpg,1
4896b828-cce3-4a60-b76e-fe7dd647ea6d.jpg,0
02f36252-f6d8-4972-887a-84e85bc510d8.jpg,0
443ea086-4d3c-4e94-9107-22cc6d1a5b44.jpg,0
50b7d3ad-9846-4058-becb-962c0b050343.jpg,0
7563aa94-9c16-46cf-bff4-ff9bb6835d90.jpg,1
f72ce841-66a7-4815-b554-fd4dfa844682.jpg,1
259c0b49-be6f-4c3b-8a2c-0b98d4e04058.jpg,0
1922dade-4fdb-4301-a8b8-06464bb0ac81.jpg,1
f74fbb41-dc8f-4565-a073-2cc36c2f42a1.jpg,0
30997a42-d028-4be9-951d-07ae2b61ee07.jpg,0
2d9cc95f-36ef-42e6-ade8-951bb61c75ea.jpg,0
7f5c6a08-08c8-456f-addf-5bbbb18efad0.jpg,0
0be5467c-fbcc-44e1-b716-5682ccd42a81.jpg,0
bfd2ad10-3a7a-485a-86be-d37ebc0635f1.jpg,0
df609bc9-a722-4751-812d-07b9ef694e38.jpg,0
68a2cb07-b6b5-41c8-a18a-f039a9568ae9.jpg,0
2141a849-2ee8-474f-beb3-0d1c94c525ca.jpg,1
524d59bc-05a3-47af-a6c2-742dfadc7cb1.jpg,0
c57065bc-69cc-4d3a-a4bf-28fcedc8fc7c.jpg,1
9f7b0a18-4fbc-4a7c-97d0-c5a1613531af.jpg,0
842961db-11b0-4823-a717-2e720297c993.jpg,1
ac9f8182-6621-4a0a-9809-13753d1ea554.jpg,0
10970861-81d8-4dc0-9be3-3726b38b81a9.jpg,1
6f6b14bc-ca08-4df9-923f-64f5d4e9ba4a.jpg,0
ed2dd8a9-960f-44b0-8cf4-6bd707b54c39.jpg,0
66e4a99a-96fb-4548-b2a3-1adf72c9e898.jpg,0
ef04b132-3c2c-4b0d-a6a1-df5b80a084e0.jpg,1
5533ccb3-884d-4575-b051-ebf2a9c960fd.jpg,1
baf66c01-b562-4ab4-bf2a-a4af571247e9.jpg,0
96b1f941-e7fd-4236-996f-182e3ec1e315.jpg,1
596f4691-6ff4-43d7-b519-67802b7ee981.jpg,1
42f2d144-2c54-4bb3-ae10-f0c05ea1e830.jpg,1
556132d2-030b-4671-bfb8-5870a10350e9.jpg,0
b060d9df-3a98-41dc-9111-bb5ee4320f92.jpg,0
72f92a3b-ad0e-4b7f-8892-bd0ffdc72b29.jpg,0
8bf6796a-ce4f-42a4-8f50-25e65ced3f89.jpg,0
17a24e38-4434-408c-83e6-ba2c9fa7d234.jpg,0
82355a7f-617f-460f-bc33-c88e0476aee6.jpg,1
b7e496ac-07ec-4748-8b65-0d0bc73f9d81.jpg,0
baf946df-afff-4629-a335-92f814e1a86e.jpg,1
7220a189-75ef-40e6-8f99-93147457a039.jpg,1
f7e8e586-fb70-4a09-abf8-231cc13b46f7.jpg,0
3aa4bf52-8e4a-4b30-b5db-453a12789a97.jpg,0
963e0b47-23b8-494d-aff3-14719eb21eba.jpg,0
e932a011-b8ab-4ded-b06a-65f4d4f1ab03.jpg,1
48fd3d49-075a-4027-b04e-151c22294847.jpg,0
d9d2bbaf-a620-4e3c-9145-eeb28a22ba4a.jpg,1
251a8c3a-715d-4ed3-ba3a-ebb5519794aa.jpg,0
0015c006-2029-49a3-8819-ae6f82623d5d.jpg,0
faa4348f-6867-44a6-b8a9-4187a3b8aeb7.jpg,1
da70fe84-dff7-4a4e-a174-474f6cebdb74.jpg,1
c4c47bff-1c0f-4d3d-a9df-118063513a7a.jpg,0
b89c3edb-dc38-4569-a483-b7643a9b7f29.jpg,0
6ccfe14d-de01-4c5e-96f8-151253d42e50.jpg,1
cf882d66-d8ae-4838-903f-519b880dd512.jpg,1
327de5a0-987d-44d3-aecb-337d3ddcd026.jpg,1
c8e1607b-80fa-490b-82f9-dd5162f78ed3.jpg,0
ac86c4e6-73f7-43cc-87dd-ce453f0b260c.jpg,0
ce9e3f03-17a6-4ba6-ba41-f560c3c3b4fc.jpg,1
1f54e7b5-b412-4541-a261-a9b2a82ce327.jpg,0
a77cb543-c371-4b0b-a097-c9b53067ea5f.jpg,0
78d661a7-2e05-426d-8db7-37974a3a0d2c.jpg,0
a9693033-ac20-4020-a14f-1efbc44c0219.jpg,0
bf8cb1fa-4ec3-465c-acf4-24a55730303a.jpg,0
7b360007-18b1-4779-b274-0f038db80588.jpg,0
6db0b5a5-88c3-4f44-a113-cbef487805c1.jpg,1
88628326-3cf8-44ac-bb82-230480f0d210.jpg,0
aa833113-7017-48a0-81cf-65464e174893.jpg,0
50bad71b-1e03-44f5-981c-d4b875b33dfb.jpg,0
af592357-2c1f-47b7-aec6-aaa3e5ab7c09.jpg,1
7527cdcf-a192-42ee-819f-f73b0701e481.jpg,1
68950c7f-8b3d-4c10-9bd0-60a8eaba5809.jpg,1
127f0c2e-5638-47df-8c53-4552a4b7efc7.jpg,1
6fc717e7-4c41-4daf-9436-c3a49809b88b.jpg,0
489423bb-21c5-4b06-bd11-a1c628895ad6.jpg,0
edc8cb69-3f6a-48ec-8996-9a6dd0fb7dda.jpg,1
da6008ea-65a4-4616-a5a0-302a61b8ffa1.jpg,0
2b3a7055-02d2-435e-a995-d72be263814e.jpg,0
4e294592-9040-4629-b4b1-6aad43e5bd7b.jpg,0
967e24ea-6e1e-4fbc-a933-ee8952d254d7.jpg,0
6a41bb8f-830e-4c8f-bf2c-fe72242f4af3.jpg,1
6591240c-4ffd-4776-9470-e73f449c2c6b.jpg,1
bf34a741-83bb-4ef5-bdc4-52b3b4c7612c.jpg,0
dc0d2d83-2061-4e6b-a626-9b2112ef6392.jpg,1
4fcbc8e3-b042-4cdc-b7cb-c00bce237184.jpg,1
39f40691-b825-458d-8949-4c8b42b9ecc3.jpg,0
fc96bebd-ed91-4a6d-9f82-5d49e9317789.jpg,0
e37271f7-4459-40cc-907c-812873306482.jpg,0
8bb1a4e1-f8a0-4a8d-bea4-63d8b6ce24a7.jpg,1
22ab7376-3a53-4f79-ae2e-97a7e5e59ffa.jpg,1
7af72156-81f9-4925-aece-dff43e68043a.jpg,1
11dad718-af5d-44cc-8204-0b45319774b2.jpg,0
26fb0356-964a-4e1d-b095-f99b05f71818.jpg,1
f4ffaae6-d100-452c-8396-fea42d0399eb.jpg,1
fb9b037c-cc01-4cc5-b7f9-dcb4e139b99e.jpg,1
454dbb2d-bbec-4b64-bba7-3741beb158f2.jpg,0
f7fe4d92-0778-4181-9dd4-240b536bee46.jpg,1
aa1aeea2-0dc0-434b-b386-b61206e8e47d.jpg,0
12b83bc2-b40a-4f8e-9170-6cfcc047b666.jpg,0
e2b8b523-ace7-49e9-9f06-770521287cb0.jpg,1
21e9d9a1-2232-4518-8c8a-c8bbc205c668.jpg,0
4ae3f123-00ba-4639-be79-c2adede4be2e.jpg,1
a7b82dce-6506-46cf-b066-5f7ef8bd23c7.jpg,1
9e4e7b0c-7827-4e2f-8fd0-0b20e60bda23.jpg,0
c498c45c-6855-46be-aab0-b6bba1975e9b.jpg,1
f0be8571-eb79-41f6-918e-c34fc62c39e0.jpg,0
0391401d-7d93-489a-8d81-67f85bdfea05.jpg,0
77210768-3006-4c96-9594-8a016c60d52e.jpg,0
11fdfd28-73f6-45a3-9435-561dfe767e21.jpg,1
13bbe085-98c5-4a1b-84a1-6f43a26f7840.jpg,0
5803eb04-d07f-4ea4-ad26-bfb777e5595e.jpg,0
3200c5f2-bcb2-4693-954e-aa8796adaae6.jpg,1
a35f55b5-efac-4792-b1aa-44ea3604ed9b.jpg,0
41bb4070-6ec6-49af-8015-ebefd98a92eb.jpg,0
d22871cd-a14a-4f06-9d6a-63856d4f6db3.jpg,0
2834bf24-ec2e-46e9-8195-5303ff97d8e0.jpg,0
225069ab-bca7-4907-ba13-fbfaf574c461.jpg,0
ff970fe4-3f3e-43a8-bcf7-a6572f47f066.jpg,0
f473c8b9-14bb-4904-91d6-be63949f1b15.jpg,0
b10a4e2d-c063-4c0a-8bed-acdccef11524.jpg,1
5803383a-00c6-4a86-9558-13258592efc3.jpg,1
472270da-b7d8-4229-973c-faa57d9667e8.jpg,0
3cdcad7f-4271-4233-9fcc-42ea140b8ea7.jpg,0
90096463-8d02-4220-b4aa-36ef128888a9.jpg,0
6dc921a0-3caf-4df0-bf67-6bff8a8b013e.jpg,1
2af7e7b5-1e9a-4547-833e-7fb7304057fc.jpg,1
678c1e60-0036-46dd-b82c-59fa14c2687d.jpg,1
cc760241-baba-4182-b4d5-596ea5855129.jpg,1
5a9a7d44-4647-4b89-b59c-0272ef05a810.jpg,0
80fc12a3-9bd1-43b4-93b5-19a3537ba17e.jpg,0
bb7b18ff-11ef-4192-8c0c-3588ea4ac899.jpg,0
25122af5-a15d-4846-884a-252d21de4aa2.jpg,0
5d874ddf-6b5f-4269-a867-f9bfddc98aab.jpg,0
35798b5e-cd94-44d5-9111-edef9a11fd10.jpg,0
143de454-8d05-4b1b-bc7b-366645c629e4.jpg,1
20c9b4e5-ca8c-4294-9629-ed5ec81dbb1e.jpg,1
2b5c8097-1105-452c-94bb-11de02148b5f.jpg,0
a9cf99ca-5d52-4bbe-8a36-e756f49808c4.jpg,0
affe378d-c30e-4351-903e-0b3f80fcca08.jpg,0
8fb980ca-cc3a-4082-b46b-77d1be15156e.jpg,0
2c039159-56fa-4798-b0a2-adeddd61c327.jpg,1
b3db8c97-bccd-4353-88e9-00aee5a40ae5.jpg,1
4dcf1df4-004a-4371-b51f-98303a08da90.jpg,1
ddb28bd6-47ef-4348-b282-7f8c8e21cc76.jpg,0
304e17df-22b9-41d4-9c90-433c999b44b1.jpg,0
21adeb9b-ade4-4a26-a05d-02cb2139885c.jpg,0
da256b91-bf72-4593-ac68-e1d377ef58bc.jpg,1
e985a7f3-7552-44d7-8731-5566694355f7.jpg,1
fe1898ae-14ec-423c-ba86-c686109e70dd.jpg,1
f403eb43-20bc-48ce-b651-3aba3ef4bc84.jpg,0
72d8e214-34a6-4eac-93ad-44235b2e4665.jpg,1
d1d614af-b3c1-4827-875e-320df71b5619.jpg,1
8a28474f-3ec4-471d-bb3e-42e1a4744c5f.jpg,1
b5af40d1-56d4-4953-86b6-357e4b1c57d8.jpg,1
51225d04-3f05-4308-b88e-82f340bcf5d6.jpg,1
86c48571-8280-4bba-beb0-f12c6b55cf93.jpg,0
c53311af-6a4b-4e13-9242-085345a3e5bf.jpg,1
b1bc6745-de38-482c-989d-14a1f09bc5d4.jpg,1
0f55f45d-d6df-4732-9c65-e5ef24153d9a.jpg,0
2d4696cb-603c-456d-898c-5fdedbad1374.jpg,1
15d5dda8-d94d-4017-839a-1a5b39d2ddf1.jpg,0
3e23b1b0-6f27-444c-9639-5db712e97b50.jpg,0
9f0bddac-5a54-4008-933f-d85dc1649aef.jpg,1
de09d883-f28a-45bc-9ebf-bca21cc7b529.jpg,1
d5d8fbea-237c-481d-97c8-ce3eae72bc1b.jpg,0
3158ae1b-471b-4757-b91e-90f1dfd5a439.jpg,0
7666e157-c704-468f-b3ee-32c3a3187f8b.jpg,0
aab5651a-130d-450b-81ef-56f5bb13c345.jpg,0
ec0c6afd-4b65-4d51-8100-43b2706f18e5.jpg,0
3b323266-18ab-4316-bb0b-ce06ce9bfa68.jpg,0
4220c817-3b38-455d-8593-63c6a01f91eb.jpg,0
9bb8f83f-81cf-45b6-85ba-6a0b87b2fdb4.jpg,1
fa164ed8-b416-4c66-a35c-866c50a2a325.jpg,0
c0939561-9858-4cbc-911b-a615b355d237.jpg,0
aec1ab08-575f-40fe-b279-98898ee87c13.jpg,1
630853d3-d05c-4103-b207-f2dddc26a834.jpg,0
afd5f47c-62b2-49f4-a6ba-0bf105e9343d.jpg,0
afa4f0cf-c7f4-4067-8b1d-ed34b786c065.jpg,1
a670bc21-8df2-46c2-bb6e-931d18f24b1e.jpg,0
b234dd0c-0a88-4e4b-b1c4-a1d36c91ab01.jpg,0
bd508e4d-d7a8-423a-ab1d-909b49be0c3b.jpg,1
3b0c6f3d-bd41-43f4-9bd0-2b258b5646d3.jpg,1
a03a91ea-f07e-4b5e-84b5-fdcdbdf4ba48.jpg,0
8cdc8066-1472-4fa1-87b7-59d7e464291b.jpg,1
1d7c5c8f-3b56-41ad-b9ce-f4a9af4f7c49.jpg,1
9e8e1327-8d66-46b1-b8a1-6de7e8550e38.jpg,0
b6577ee0-c542-45c4-b326-308926999c51.jpg,0
6ee887b1-d9ac-473e-b7ce-3e995bec676f.jpg,0
46420af5-c195-4f9b-80fe-2f589d050894.jpg,1
022df63e-8fb7-4e64-ac95-1043199a4b71.jpg,0
c01125fa-5cfd-4ecf-a4da-460f641b2dd6.jpg,0
b48b4dbd-ed23-47f5-8767-0515b0fd0272.jpg,1
8b74cb19-3029-488d-a065-2446dba5de55.jpg,0
74c85c20-a7a6-441d-975c-5abcd7ec9775.jpg,0
ca54d5e2-9ec8-455e-bd28-418409e1f44e.jpg,0
07e87df1-c90b-4cda-a094-829fab0a6b8d.jpg,0
ffa58b69-abc2-4a23-b245-a04a6546f80c.jpg,0
4b469627-5538-4385-956e-149195e25c1f.jpg,0
f2d4969b-c503-4210-be28-9bc16bfb7548.jpg,0
c6b2b51d-4137-46f1-afa3-c3a4cb11610e.jpg,0
3f1bb3bf-a458-44bd-8a45-423e59c1e19e.jpg,0
6e3aff3b-f146-4a63-bf4b-ec202e6a17b1.jpg,1
2ae74adf-5548-4bdc-8f8a-8cd42fdb25f5.jpg,0
9742401a-9eb6-4659-8eb9-111b7a03f776.jpg,0
78d63887-0c94-45e3-baad-be1828e2adb5.jpg,0
54ccd668-fe3d-4cce-9244-ab7fdde7f1b9.jpg,0
0b6ac3fb-0c2b-4e4b-898d-f815c5cb2e7a.jpg,0
4f2fd531-cca2-4d6a-b3b9-a6dc5d9ffbcc.jpg,1
40a66a27-735e-46ec-b6fc-ffe8b6bbf0c1.jpg,0
b553fe73-33fc-4c61-b75f-98f9d4cf0b43.jpg,1
93390bf4-8434-4767-9646-fb11481fdebc.jpg,1
dd11aba9-449c-4a36-a434-2407fb73474b.jpg,0
003d3536-a3f9-4f0e-8511-8593df33f5fb.jpg,0
6c381460-a4fe-4666-97da-1f279230ecd3.jpg,1
1834783b-9f97-4fe0-b2f0-94eaefeff7df.jpg,1
6743751e-8bac-44b8-890b-6ea1a4f57309.jpg,1
ef34ea7e-66d2-4a1f-a8e9-a0fdba92d58c.jpg,0
67820f66-4d85-410d-b0b2-1fd5ec4cce69.jpg,0
badcdc34-1b5d-422c-835f-77addf15089e.jpg,1
a854ecd9-fde1-42c7-9fd6-05fd6237b0bd.jpg,1
1fd427da-748a-46bc-97c5-d4a4c5c64ebe.jpg,1
c20d0b26-eeae-4c4a-84cb-ded872f309c9.jpg,1
fd6e0f2c-3e2e-491d-baa3-00167e44cb7c.jpg,0
db1ce6dd-9eaf-46a8-80cd-3614372b35cb.jpg,0
aa189371-2f52-4371-9336-158bad4bbfa7.jpg,0
528ad39f-71c6-40fa-aa8c-abbddeee6b42.jpg,1
0d312598-2a5a-4998-b813-3fda937ee6e4.jpg,0
1bca4cf3-cfde-4aa0-bef2-a63edfeaed4d.jpg,0
8985d6c9-d2f3-461f-af0a-caaa78f218d0.jpg,1
91199b84-0c4b-4284-8adb-14a0fa60f358.jpg,0
8524d50e-7165-42b1-b515-abf6dc412a49.jpg,1
4c04a9f8-bbf6-4787-8915-c4f610c938d6.jpg,1
38e9ac9e-356a-436e-9d39-8ef7d53c1a46.jpg,0
023096bb-c1ad-4529-9fd5-47eda1bf2ebe.jpg,0
d60782a7-d532-4eea-8aeb-004f3684bfb1.jpg,0
7424f894-7124-405d-a543-c1c5b53411fd.jpg,0
8999af4d-b9b0-4635-a10e-97c20e65ef2b.jpg,1
98966d5c-cb14-47f3-af2c-aba1f967e230.jpg,1
e3bae3e8-e54e-40dd-aa9d-4613475ce3dc.jpg,0
511d0504-6d6f-4cb6-9ae2-9b6a11314fde.jpg,1
b97ea743-e851-4aa6-9328-ff88b79c8160.jpg,0
e2bdca5f-5cef-494e-a9df-dec29c8dec77.jpg,1
ce869c6c-2c0a-43df-98ad-afffc14844f9.jpg,0
2dd18bb5-38f7-4a1a-8210-b97621dc7422.jpg,1
b6180719-c6dc-4448-bbdb-66db54f44ce8.jpg,1
e77146f4-fdb2-48d2-8935-5bfa28e996c7.jpg,1
7f67d4b9-080a-46aa-a1af-5cbdcb13617c.jpg,1
69fde5e5-81b0-4d06-82f3-db59ea3ff5f2.jpg,1
8313bf1a-04d9-4642-b07e-dbe99d42c10d.jpg,0
47ebd0c0-636d-4763-a8ed-0d73c912b4b9.jpg,0
cfbfd593-c247-4864-87e4-7f561209f0a4.jpg,0
996ac0a1-2beb-4325-97e2-7f0f97269cc1.jpg,0
0ef9de4a-4e2c-4f0b-be53-bb21e697bcca.jpg,1
bb8544a8-0a96-4bd6-b766-9ed306aac6a5.jpg,0
0c9270e3-cf30-433a-8e21-ba447a12a439.jpg,1
6fa3865e-4bd0-47e8-8749-55182fece592.jpg,0
489348c6-3102-440a-8e62-03bf97edf87d.jpg,1
9a799683-8fbe-4e84-9d5f-8bda2eb49e9f.jpg,1
98ced2dc-37f8-4ccf-9ef4-f1506e5ad7b0.jpg,0
759ff32b-c538-496a-b069-162d1789fd41.jpg,1
a965a023-4fa1-4c41-a0b4-9dbc21615019.jpg,0
49b65af3-6b73-45c3-8391-43e25c0a4d54.jpg,0
499e9a68-adc6-48f6-80c5-ab0f5b2c1df8.jpg,0
7fdefbfa-fb15-441d-a4b0-832da5a78483.jpg,0
da621c0b-182c-48b1-951c-003426756722.jpg,1
e8477bfb-4d56-46ce-ac80-e5815c7864d4.jpg,0
1efb2990-f132-486c-8d09-99d75959b143.jpg,1
ea8294a1-abe6-4023-8815-3fb6d9933734.jpg,0
1c077d18-5ad5-4984-8510-a6ed63557bd7.jpg,0
6c25c318-0600-42c2-bb5c-b9f00a2fe151.jpg,0
d842e1dd-8efd-4c52-be51-06e1c4c732ff.jpg,0
ddeac585-c861-4c4e-8c96-fb28e291adba.jpg,0
dae95413-2365-45c7-b515-0212edf03df1.jpg,1
abcc4fc5-ec8a-464c-ad31-9c6b8f60afb6.jpg,1
edd009bf-035b-42fc-9d5e-98f93c2844af.jpg,1
abee6b3e-ad07-43ad-b445-982aee65f25f.jpg,1
604ee7b5-bf9f-4b68-9ac7-964a7587493f.jpg,0
d8c6d9d7-e391-4868-aec3-a4d58a6b6da2.jpg,1
223e2e79-d691-402c-832b-f46cc0999a1c.jpg,1
d42dd5d2-d7c3-47f2-9e5a-2c89fcf5fb18.jpg,0
4ea12c62-d158-49c8-9ae9-1dfa9183e0ba.jpg,0
38949e27-1efe-4d0c-b5e6-c6eead2b5848.jpg,1
72feff00-918c-4f2c-b971-9d9454825f28.jpg,1
961e1ac8-f245-4a09-88f1-fc480503e3d9.jpg,1
25f2c1a4-c6db-48be-b516-a0e4e3c4df70.jpg,0
838c546b-61c3-45b5-86ac-4188fab736ba.jpg,1
9bad3e9f-9442-4845-9b53-d33c989f037b.jpg,0
c1d088ca-b7ca-4cfe-afcd-aaa7522360cd.jpg,1
d72562b5-c0bc-48e7-bd1e-540dec0314ce.jpg,1
8505b98e-987f-4ac3-8183-eb34e4dad79d.jpg,0
92956565-8a0f-499b-8e31-5ae9d8adbb8d.jpg,0
d8bba88b-be72-49c8-a5ac-9b6979d59906.jpg,0
29f6cd8e-8a0b-4b6e-87cd-c25fb7567457.jpg,1
ef1e3735-e357-45d1-8dd7-b78d43f8bc8d.jpg,1
e5b3424f-e729-4ffc-8584-b46879b7db9a.jpg,0
94671243-199f-43e6-b198-dcba9d60cb88.jpg,1
039952d1-3f06-44dd-9d65-2a383add6157.jpg,0
2fd9278a-bcd2-48c4-9b90-76af2b8500b0.jpg,0
17d947f2-39a5-490f-8dcc-c93fa1d07240.jpg,0
aaf4d0fc-1dd4-4ea6-818a-393fae046b81.jpg,0
aa052efb-7ead-4f84-b7df-006ebe96240a.jpg,0
2a584e82-a37b-4652-8553-e48348bc4452.jpg,0
282d85d7-5da3-4c2a-8a91-4db72b39ad4a.jpg,1
6b0846a5-57c6-40cb-a754-844f8b71aea1.jpg,1
96a3b1ba-c3d1-4add-8616-6f748956e0c2.jpg,1
078434d8-9489-4aaa-b4b1-64e28fd34b36.jpg,0
6880def9-8c1f-4309-905e-190464fc67a0.jpg,1
d50e29f8-f9e3-4e18-85df-015bbf2fbd4d.jpg,0
8a7ab8b1-ab56-4be3-8ea7-e3606338b9c2.jpg,1
19e160aa-899c-449e-ad9a-8f0e126a7370.jpg,0
462c9a85-4b23-42f9-8bc2-84fc8217c3e9.jpg,0
94f5f97f-3a47-4367-b4bc-eef227a53f48.jpg,0
75770b1c-961b-454a-9d6e-e3d94f8c55ce.jpg,1
ca980425-0d6f-4b9d-b475-d2dd85df2ffe.jpg,0
00ce4aa3-3e5b-430a-9fe9-fd42c6ab484e.jpg,0
7d50c6af-02d1-4fa4-8520-4c95b08624bc.jpg,0
b32d8394-ec92-4a7a-8730-d585a0e3fb5f.jpg,1
997835a4-2c4d-4b4a-980c-2e716022e64b.jpg,0
f16f8d3d-0990-4504-a045-513c47e49865.jpg,1
9df81714-0502-4e7f-a7fd-6012279c4315.jpg,1
6c4e97d7-cbaa-4d3f-84f8-034a0c7b4356.jpg,1
294ddf3c-4633-4c94-bc5f-dc13f0ca797a.jpg,0
9d171959-a6d4-447a-954a-2f6e751b9f71.jpg,1
b964e1fd-e6eb-44b8-bbaf-252158bf3965.jpg,0
29947ca4-b5e8-4da2-bfcd-ba88fabb5c4c.jpg,0
84175bb4-f9fc-4acd-a631-8da457492256.jpg,1
ea0ae149-d273-4e30-8101-61081c5fe5d1.jpg,1
84c66675-aca8-466a-8eb8-57189e5fe834.jpg,1
30f6c739-dc85-4e07-a837-076fffa5ff26.jpg,1
e58e335e-7c4f-428a-aa2b-9d582326623a.jpg,1
4ec38bfc-494d-4a72-8e5b-602de106a92f.jpg,1
ba5e6700-2a19-4a54-9ac4-5a6131e08f98.jpg,0
970d10a8-31dc-4aed-af14-6417a6f88cc6.jpg,0
9aee05af-3351-45a3-85bf-7d598cbbab61.jpg,0
5a26998b-5772-4d80-9ed5-986f55521997.jpg,1
ff47a68d-f059-4896-beb8-a67ae0be7882.jpg,0
c45b2b56-258b-4046-816d-00059301a12e.jpg,0
c5606db0-c510-433e-b2bb-75c8fb4813b2.jpg,1
7551dda8-0a7d-4a2e-ae7b-247f27f5783a.jpg,0
2a3eda05-942e-466d-ba36-115450a672f9.jpg,1
46599e71-8237-43e2-b89f-872e6b6c3ee5.jpg,0
ed3105d2-12c3-47dd-939e-0777c4ef2116.jpg,0
7f62c04e-4e4c-4750-aba4-42102c95ba0d.jpg,0
49c7e0e0-cb41-4f0b-b185-0581b7cb5f83.jpg,1
1f17f685-153e-4668-90ea-e99c3a11a2b2.jpg,0
78ff6dc8-949e-45ab-8f47-86f1ecdad8a9.jpg,1
b04bedff-024b-4a89-9898-71cdd03370b1.jpg,0
3bc1088b-9868-420e-a85c-bb0b0a2f6625.jpg,0
78256b13-c85c-49ea-858e-862387aae274.jpg,0
6a6d1459-70bd-402e-bf61-d5b47e573dab.jpg,0
f8acd52c-445b-48ce-aa1d-de2ba84f43d0.jpg,1
887d5c36-b87e-461c-b9a1-06bee734ff0b.jpg,0
bb785e3d-07ff-443c-b1e2-3b085b8bfadd.jpg,0
8bdcc809-14d8-4f5d-ba8c-d3fa3972e5e1.jpg,0
642ae176-9627-46da-9f05-214ec7226776.jpg,1
235de968-7afa-4b35-a199-96c868a834de.jpg,1
225fe5e0-463f-4c00-b723-70b6404828d7.jpg,1
4fb52902-f694-4be8-9d41-f2b57e07cc0f.jpg,0
02db0ecc-51e9-4d53-8296-0ca0e6dc7ad3.jpg,1
335a0561-6d88-4ecb-af08-22c599e17396.jpg,0
513d106d-0596-48c8-b4f4-2e86929e6e68.jpg,0
eaf3238a-91d2-42e6-9400-ca1cbd2dfae2.jpg,1
d037e1a3-f8dc-4019-a3fc-4b7dba8a348f.jpg,1
454f26df-1939-4ccb-84d1-90e29474cdae.jpg,0
7195276b-4e29-4314-bbbe-95b366ab63fb.jpg,1
9eb6c4c7-a46e-4d2e-90f8-3e1f954452a5.jpg,1
ba4619ec-a4bf-4e9a-b7ec-e11d89488cb9.jpg,1
b53dc288-0aa4-4859-8706-5e50d3b65fc4.jpg,0
c9e96f91-cd82-4e96-a0ad-1fb9c3b4fa84.jpg,0
7724186a-1727-45c5-abfe-9796e633975d.jpg,1
f223ec2d-cff1-4541-b914-d14edaf34659.jpg,1
f2d69cec-c4da-421f-8246-51a06bd1ca72.jpg,1
8f611dc0-d139-4a84-9423-fabc3a366a71.jpg,1
ef1227dd-8e08-4c86-830a-32edccdb0b7a.jpg,0
181dd44e-1b89-4ada-b524-2c02830c6c73.jpg,0
843b0b37-142a-4d18-a37b-64b24ed4dc3e.jpg,0
28706029-45d3-4929-9175-48dd2f925517.jpg,0
4fc818c4-2fae-4353-a07c-2cfbbfae1372.jpg,0
8358e6c0-52e8-45d2-9fb7-fd3813ccd8db.jpg,0
0dc763bf-a156-4ab0-a35b-31af3aa69390.jpg,0
bb32d361-2377-4bfb-a1f7-67e82fdc2dd9.jpg,0
ce7e98db-6111-4858-86ca-35facd0d01e1.jpg,0
3f7ac466-1d3d-4a50-9506-1aa880601faa.jpg,0
a7f0a5d2-513e-46e2-a480-d32884b72897.jpg,0
803675cf-791f-4605-a753-c21bd1fc220b.jpg,1
42518529-d798-4511-939f-0ad633eb7340.jpg,0
a447ff29-2b61-4c1b-9979-029a803f7752.jpg,1
0a412b01-e242-40e6-9dc3-f97386621547.jpg,0
03305f9f-7466-4d23-af05-dca2223a976b.jpg,1
b89a677a-b9dd-42c3-b181-681ddf9ab3be.jpg,0
732c0b2b-0027-4bae-9871-789b5454cd64.jpg,0
a9aff0d0-b039-4b50-afc3-ccdadf32c23a.jpg,1
07a8d83d-ceb2-4697-b43b-3fb87fbac4bf.jpg,0
165dfada-1915-443c-8361-44e05115a29f.jpg,0
17d319bb-4fe9-4689-86fc-90191cad596b.jpg,1
b4124f55-0f7f-4910-9950-12901f3400ca.jpg,1
6f45653b-f73a-4573-a4d7-585686b1eda0.jpg,1
178c77d7-47f4-4790-850a-c873c8f05597.jpg,0
ae52131d-58b0-4c66-a33e-28e0165d4708.jpg,0
4e493289-38d8-42ff-8b95-12dbefa92462.jpg,1
e454fdd9-8ece-4d67-9ea2-33f38350791b.jpg,0
394b5090-c64a-499f-b6e9-e062068c5049.jpg,1
22f3ffd9-e362-4e0b-97db-0da48fe15910.jpg,1
4728ff04-20fb-4cf8-9391-a4c86aaef10a.jpg,1
029c618d-5892-4f92-b801-a54e56e2801a.jpg,0
16e4ec5d-c7c7-4dc7-a7a7-cde53435afa7.jpg,1
28810890-95bd-436f-9c4b-5d685b5f1090.jpg,0
27bcab83-261e-43ad-a540-81563f4f03c8.jpg,1
faf3428b-8f4e-406c-bf33-81fab6bf96cc.jpg,0
0b923936-f23b-4d94-ab85-7f435d84b21f.jpg,0
4d3abb33-c051-4af0-a4a5-ff1c69b87fae.jpg,0
b55e687f-1d86-4620-ad6d-01152a618a4e.jpg,0
fd368055-8338-46bb-96dc-d825d1b41102.jpg,0
c38daae1-d878-49f8-9e15-a550edf2eb8c.jpg,0
72a15e36-9395-41e4-a52c-072d999cb5ba.jpg,1
136d36c0-ed78-40a3-bdf6-71b44ada0f24.jpg,1
98821998-6d20-4d29-a4ac-74037e592be9.jpg,0
7c8c6375-74f9-4ec9-afe3-cfe2e6e70fab.jpg,0
b96d77bc-30f0-458c-abf6-bf2dacb8b21c.jpg,0
6383a3cc-ae39-4ce6-a566-3323419d7163.jpg,1
6db5b4b4-7e44-45a2-8066-cae18f051d6b.jpg,0
cdc866d8-4ed4-404a-ad53-afcefc17677d.jpg,0
db2317bb-7894-4922-b3df-0f6b3756c7d8.jpg,0
d2cb1ca1-06da-4362-8995-6488a4fc5189.jpg,0
981a1864-8f81-47d8-bea5-4118e0bfc080.jpg,0
abc971ee-b26d-4900-96c7-8969bdeb158a.jpg,1
02bf8409-e49c-4928-bf38-f13d38aec8a4.jpg,1
5d2e0961-627e-422c-ab86-e3dd7fc53cbf.jpg,0
46cc9a5d-9707-4809-a208-babc4823e6b2.jpg,1
cb1adab7-b4a1-4f57-beb7-c1fc0efb975f.jpg,0
3016d3f4-5800-4fc1-8177-5b84bd974859.jpg,0
de6a24dd-a127-4036-a224-3e6fc9f08972.jpg,0
f48580e4-af8c-430b-adf4-906956c7b14b.jpg,1
6ac96ab3-06d0-4478-9eb4-08000c9f7698.jpg,1
dd3c01d1-499c-4e9e-ae34-2b8337833b42.jpg,0
b8139f38-fdb1-4ab5-8a6e-6e9dda3f87f1.jpg,1
